prot_name,Ext,MW,Plasmid,Plasmid resistance,Comp Cell,Original Full BP seq,Cloned AA seq,Cloned AA no,Hydrophobicity,Aliphatic index,Instability index,PI
02811 (NttE),33935,33157,pET-46,AMP,Shuffle,ATGAAACCAGGTTATTTATTAGGCGCTTTGCTTTTATCTCCCATTCTCGCTTTTGCCAATTCGGATGACAATGCTGATGGCCTTATTTTTTCGCCATTGCCGCAGAATAAAAATACCGTAGTCCGGCACTATAGCAATGAACAGGAAATGCCTAATCTTAGTCAAATGGCTCAAAGAACTATTGATTTTCCAACTCAAATTGTTCGAGTCAGCGGTAATCTTACAGGGTTGGAACTGAGCTGTGATGATGTAGAAAATGAAATAGATCAAGTTTTTTCAAAAAAAATCTCCCCTAATCTGTTTACTTACAACACTTACGTCAGCTGTGGCTATGATGTCAATGATCCGGAACAGCACGCGACAAACTTCTCTATTCAAAGTTATTTCGATCCATTGACAGATAACGCTGTTGATTATTTAAAATCTTATTTGAAAGAATATAATGGATACAATTTATTCAATACGACAACATTACAAATTGAAAATGCCAAAGGCATCATTGTATCGATGAATCTTAATGCCGGTTTAAAAAGTAACCCCGATAAGACACCATTCACGCTTTATCGTCAGGATAGGAACAATTTTTATTTTAAAAGCAATTTTGACGTGAGAAAGGAATTAATTAGCGATATTTATCAACGATTTTATTCTAACGATCCTGATATGATTCTACCCTTTTTCGACAAATGGATTTTCTCCTATGCCGGATCAGTTTATTACTCCATCCTTATGGCATCCAATTACCTTGAATTGCAACCTGAAAGAATTTTCGTAATGGAAAATGAAGGGGATATCTTCGTATCCGATTTACGGTATTACTTTGCCAATCTTTGTATGAAGAGAAATCCTAATAAACATTGTTTGTAA,MAHHHHHHVDDDDKMNSDDNADGLIFSPLPQNKNTVVRHYSNEQEMPNLSQMAQRTIDFPTQIVRVSGNLTGLELSCDDVENEIDQVFSKKISPNLFTYNTYVSCGYDVNDPEQHATNFSIQSYFDPLTDNAVDYLKSYLKEYNGYNLFNTTTLQIENAKGIIVSMNLNAGLKSNPDKTPFTLYRQDRNNFYFKSNFDVRKELISDIYQRFYSNDPDMILPFFDKWIFSYAGSVYYSILMASNYLELQPERIFVMENEGDIFVSDLRYYFANLCMKRNPNKHCL,284,-0.576,72.39,38.91,4.96
10421 (NttD),46388,44247,pET-46,AMP,Bl21,ATGAAAACTGCCCACCTTATATGGATATCCGCATTTTGTATTGCCCAAGCTCATGCGTTTACATTACCAAGACAACCAACCAAATCTTATGAATGTGAGAATTGCAGCCAATTATCACGAGAAAATCTGCACGATAAATGGGAAATTACCAATGAACCATTAAACAACAACATCAGTAATGTTCGTAGAAGTTATGGTTACAAAGAACGTATTTCTCTGGAACAATTACAACGCGGAGTTATTATATCAACATTGGCTCCTGGCGCTGTCGTTCGCATTACCCCTTTGCAGAATAAATCCATCCCGGAATTACTTATCAAAACGCCAAAAAACCAACTCTTGCCCCTGAAAGAAGCCTCTTCTCTCTATAATCAGGATGACGAGGTTGGTAATAATCCTTTAGCCATTACAAAACACCAGGCTATGTTACAAATAAAACCTGAACTGGGGTATGGAAAATTTATACTAAAAAGCAAGGACATTACTAACAAATATGCCGATGCTTATATGATCAGTGTTCTTGATAAATTTTCCATCACTTACCTGGAGGTTGAAACCGATTCCCTCCATTACCAGTATGGCGATAAGCTAAAAGCCACCATATCGCTTCACAATGATATCACTGAGTATGACGTCAATGACGTTGATGCTCGACTTGTAGGCCCTAAAGGTCAAGTCATTTCGCTTAATCTGACCAAGTTAAAATCCAATGTATTTGAAGGAACAGCCACTTTGGATTCCGAGTTAAATGATCGCGGCGAAAACTGGTACTTAGAAACTGATGTTCAAACAGAATACGGGCAAGAAATCATTAGACGATCTGGCCATACAGCCTTTTCATACTCCATTCCCTCAGCCAGCCTTATGAATGTAAAAAAATTGTCCTCTAAACCTTTGACTTTTGTTGTCACTGTAGATGTTGCAACTGCAAGCCGATACGCTTTACAAAGTGTGTTGTTCCAAAAAAATGGAAAGGGTGAAGCCAGGCCTATTCAGACCTCGCAAAGAGCGCAGTGGCTTGAACCCGGTAAGCATGTTTTGCAATTTACCTTTGACAATCACAATCAATTATCGGACGATAACCTCTATTTGGGTTATTTACGCTTGATAGACTATGGGCAGTTAAAAACTGTGTATCAATACAACCAACCTGTCAAGCTTAGTCAGTTAGTGGATTAA,MAHHHHHHVDDDDKMFTLPRQPTKSYECENCSQLSRENLHDKWEITNEPLNNNISNVRRSYGYKERISLEQLQRGVIISTLAPGAVVRITPLQNKSIPELLIKTPKNQLLPLKEASSLYNQDDEVGNNPLAITKHQAMLQIKPELGYGKFILKSKDITNKYADAYMISVLDKFSITYLEVETDSLHYQYGDKLKATISLHNDITEYDVNDVDARLVGPKGQVISLNLTKLKSNVFEGTATLDSELNDRGENWYLETDVQTEYGQEIIRRSGHTAFSYSIPSASLMNVKKLSSKPLTFVVTVDVATASRYALQSVLFQKNGKGEARPIQTSQRAQWLEPGKHVLQFTFDNHNQLSDDNLYLGYLRLIDYGQLKTVYQYNQPVKLSQLVD,388,-0.551,89.92,32.31,6.36
13951 (NttA),14105,13312,pET-46,AMP,Bl21,ATGTCAAGGAAATTACTTATTGCTACCACGCTCGTGCTAAGCACTTCATTATTTCCCTTAATATCCAATGCTGAGGACACAGCAAATCCTAATGAGATGACTAAGGATGCTTGGTTAAACTCTATGACTCCCTTATTACCAGATCTTATCTGCAAAGGATTTATTCAAGATCCGGATCTCAAAAAACGATTTGATGAAATTAAAATGACTTATGAACAATGTGTGACTTTAATTCCTGAAAGCACCAAAAAATGCCAAGATGAACTGTATGCCAGCATGCCAGATAAAATCAATAGCGAAACAGCTGGCACATGGGGAAGATCATTAGGAGAATGTATCGGAAAAGATTTTGCTGAAAAACATCTAATTCCCAAATAG,MAHHHHHHVDDDDKMEDTANPNEMTKDAWLNSMTPLLPDLICKGFIQDPDLKKRFDEIKMTYEQCVTLIPESTKKCQDELYASMPDKINSETAGTWGRSLGECIGKDFAEKHLIPK,116,-0.795,63.97,30.28,5.24
18401 (NttC),17437,13414,pET-46,AMP,Bl21,ATGAATTTAATGCTTAAAGGTTTATCGGCCTTAGCAATTAGTCTCGGTGCTGCAACAACTTTTGCAGCTCCAGCTTATTTAACAACCCATAACAGAACTGGTGAAGAATCCAATGCCTACATAGCAGGCAGCATCCCCTCTCTTTACCCAACAGCAGCTTACTCTACCAATCAAGTGTATTGGAATTTAGTGAGATTGGCTTGCTATGGACATACAACTAATGGTCAATGCCCTGCCTTAATTAAAATGGCAACCAATACAGCTAACCCAATTGATATCGGATACGTTACCATGGATCTGAATACTGGCGATATTACTCCCAAGACGCTATCGGCTAAAGGCTATTCGCTGAGAGTAATAGGACCTGGAGAGGCTGAAATTACTAAAAACTAG,MAHHHHHHVDDDDKMAPAYLTTHNRTGEESNAYIAGSIPSLYPTAAYSTNQVYWNLVRLACYGHTTNGQCPALIKMATNTANPIDIGYVTMDLNTGDITPKTLSAKGYSLRVIGPGEAEITKN,123,-0.430,73.09,20.92,6.20
18641,4533,14905,pET-46,AMP,Bl21,ATGAAAAAGATGTTTTTAGCAGTTTTTACCTTGTGCTCATTCACAGCGCAGGCAGCAGTAGAATTAAAAACTTTTCAAAATATAGTAGACGCCATAGCTGAAGGAAAGCGAATCAGTTTTGTAATTAACTTAAAAAAATGTACTTCGGAAATGCCATTGAACTCTGCAATAGTTTCAGTTACTCCGAATGCAGTTATGGTAGTCGGTGATAGCCGTGTTACAGCCTCAGATAGGCATTTTACTCTTGATGATCCGGTGGCTCGCGGTACACCTATGTTTGATTACAGTAAGTTTAATTTAGATTCTGAGGGTGATGCTTCAATTAAAACCACTGTGCTGAATGCAAGTAGTTATGAGCGATTAGGAAGTTATCAAATGAATTGTAAATTAGGGGATGGTTTTAAAGTATTCGGGTAA,MAHHHHHHVDDDDKMAVELKTFQNIVDAIAEGKRISFVINLKKCTSEMPLNSAIVSVTPNAVMVVGDSRVTASDRHFTLDDPVARGTPMFDYSKFNLDSEGDASIKTTVLNASSYERLGSYQMNCKLGDGFKVFG,135,-0.276,75.78,23.32,5.92
BSA,49915,69293,-,-,-,,MKWVTFISLLLLFSSAYSRGVFRRDTHKSEIAHRFKDLGEEHFKGLVLIAFSQYLQQCPFDEHVKLVNELTEFAKTCVADESHAGCEKSLHTLFGDELCKVASLRETYGDMADCCEKQEPERNECFLSHKDDSPDLPKLKPDPNTLCDEFKADEKKFWGKYLYEIARRHPYFYAPELLYYANKYNGVFQECCQAEDKGACLLPKIETMREKVLASSARQRLRCASIQKFGERALKAWSVARLSQKFPKAEFVEVTKLVTDLTKVHKECCHGDLLECADDRADLAKYICDNQDTISSKLKECCDKPLLEKSHCIAEVEKDAIPENLPPLTADFAEDKDVCKNYQEAKDAFLGSFLYEYSRRHPEYAVSVLLRLAKEYEATLEECCAKDDPHACYSTVFDKLKHLVDEPQNLIKQNCDQFEKLGEYGFQNALIVRYTRKVPQVSTPTLVEVSRSLGKVGTRCCTKPESERMPCTEDYLSLILNRLCVLHEKTPVSEKVTKCCTESLVNRRPCFSALTPDETYVPKAFDEKLFTFHADICTLPDTEKQIKKQTALVELLKHKPKATEEQLKTVMENFVAFVDKCCAADDKEACFAVEGPKLVVSTQTALA,607,-0.429,77.46,40.28,5.82
C1QBP,24325,31776,pET-46,AMP,Bl21,,MAHHHHHHVDDDDKMLPLLRCVPRVLGSSVAGLRAAAPASPFRQLLQPAPRLCTRPFGLLSVRAGSERRPGLLRPRGPCACGCGCGSLHTDGDKAFVDFLSDEIKEERKIQKHKTLPKMSGGWELELNGTESKLVRKVAGEKITVTFNINNSIPPTFDGEEEPSQGQKVEEQEPELTSTPNFVVEVIKNDDGKKALVLDCHYPEDEVGQEDEAESDIFSIREVSFQSTGESEWKDTNYTLNTYSLDWALYDHLMDFLADRGVDNTFADELVELSTALEAPGAHYFS,286,-0.526,75.35,48.43,4.95
C1QBP-GST,22460,31362,pANT7_cGST,AMP,Bl21,ATGCTGCCTCTGCTGCGCTGCGTGCCCCGTGTGCTGGGCTCCTCCGTCGCCGGCCTCCGCGCTGCCGCGCCCGCCTCGCCTTTCCGGCAGCTCCTGCAGCCGGCACCCCGGCTGTGCACCCGGCCCTTCGGGCTGCTCAGCGTGCGCGCAGGTTCCGAGCGGCGGCCGGGCCTCCTGCGGCCTCGCGGACCCTGCGCCTGTGGCTGTGGCTGCGGCTCGCTGCACACCGACGGAGACAAAGCTTTTGTTGATTTCCTGAGTGATGAAATTAAGGAGGAAAGAAAAATTCAGAAGCATAAAACCCTCCCTAAGATGTCTGGAGGTTGGGAGCTGGAACTGAATGGGACAGAAGCGAAATTAGTGCGGAAAGTTGCCGGGGAAAAAATCACGGTCACTTTCAACATTAACAACAGCATCCCACCAACATTTGATGGTGAGGAGGAACCCTCGCAAGGGCAGAAGGTTGAAGAACAGGAGCCTGAACTGACATCAACTCCCAATTTCGTGGTTGAAGTTATAAAGAATGATGATGGCAAGAAGGCCCTTGTGTTGGACTGTCATTATCCAGAGGATGAGGTTGGACAAGAAGACGAGGCTGAGAGTGACATCTTCTCTATCAGGGAAGTTAGCTTTCAGTCCACTGGCGAGTCTGAATGGAAGGATACTAATTATACACTCAACACAGATTCCTTGGACTGGGCCTTATATGACCACCTAATGGATTTCCTTGCCGACCGAGGGGTGGACAACACTTTTGCAGATGAGCTGGTGGAGCTCAGCACAGCCCTGGAGCACCAGGAGTACATTACTTTTCTTGAAGACCTCAAGAGTTTTGTCAAGAGCCAG,MLPLLRCVPRVLGSSVAGLRAAAPASPFRQLLQPAPRLCTRPFGLLSVRAGSERRPGLLRPRGPCACGCGCGSLHTDGDKAFVDFLSDEIKEERKIQKHKTLPKMSGGWELELNGTEAKLVRKVAGEKITVTFNINNSIPPTFDGEEEPSQGQKVEEQEPELTSTPNFVVEVIKNDDGKKALVLDCHYPEDEVGQEDEAESDIFSIREVSFQSTGESEWKDTNYTLNTDSLDWALYDHLMDFLADRGVDNTFADELVELSTALEHQEYITFLEDLKSFVKSQ,282,-0.461,79.86,48.69,4.74
ChiA_Full,100325,82603,pET-46,AMP,Bl21,,MAHHHHHHVDDDDKMNTSLKPSIAQPTACVNSLFTATGNQHWKSIVLKLTNNCNQAVDFQNSTVSFQTTAALNTSFWGDFSPLSYPDNALNISSQPQSGGNYLATLNLHFPSYPGANSKLPVGSSISIKYGAVTDSHIEGTANVYLSTTVESGSIQLINAAAKPTNVSQGYALVHVTMNGQSVSDVQLPWETSKTLSGFAAGNYAISAETVTDSNGNLYLGQANPSMVNVIANQTTSSTINYARVQETGKIKIHVQNLPGELSNYNENPTVLITQSQSGNSRSQHAVWGNTTTVAELKEGSSYQFSTPAIQYNDYNCWPTFTPSSLVASAANVPTTNLTYQCAQIVKDNVTINVSGAPSSLASLKIILTPNDGSQTVEQTIDLANGVGSSAISLTDGVIYTLSSEGVPGYTVQFSPQPLTATENATVNITLSPVTAAKGRIIGYVPGWKTPPAAQELASAGYTHVMIAFGVFSTNTPGVIVPAFETITKEYIQSLHQAGIKVILSLGGALTSIPNTTVDFHQVLVASSSPEAFKQTFINSLKELISQYGFDGFDTDIEHGINASGSFSQPQGDIAVLASIINTMYSQNSSLLITLTPQVANIAATSGFDQTWGNYASLIMQTHQSLAWVGIQLYNTGCAFGIDQVCYGPTPTDTPDFSVAMATDLLENWPATVNGRPTGFQPYISYLRPSQIVIGYPSPNASGGSDGSPVTPTTTIKRAIQCLKTAIAGNTSCGVYVPPRAYGNIGGVFNWEVTYDKNNQFKFAKELKNCAINGVCE,777,-0.106,81.72,29.58,5.39
ChiA_N1,18450,16664,pET-46,AMP,Bl21,,MAHHHHHHVDDDDKMNTSLKPSIAQPTACVNSLFTATGNQHWKSIVLKLTNNCNQAVDFQNSTVSFQTTAALNTSFWGDFSPLSYPDNALNISSQPQSGGNYLATLNLHFPSYPGANSKLPVGSSISIKYGAVTDSHIEGTANVYLSTTVESGSI,155,-0.322,72.39,29.47,6.08
ChiA_N2,12950,14547,pET-46,AMP,Bl21,,MAHHHHHHVDDDDKMGSIQLINAAAKPTNVSQGYALVHVTMNGQSVSDVQLPWETSKTLSGFAAGNYAISAETVTDSNGNLYLGQANPSMVNVIANQTTSSTINYARVQETGKIKIHVQNLPGELSNYNENPTVLITQSQSGNSRSQHAVWGNTTTVAELKEGSSYQFSTPAIQYND,177,-0.505,73.28,25.48,5.76
ChiA_N3,14440,15699,pET-46,AMP,Bl21,,MAHHHHHHVDDDDKMGSSYQFSTPAIQYNDYNCWPTFTPSSLVASAANVPTTNLTYQCAQIVKDNVTINVSGAPSSLASLKIILTPNDGSQTVEQTIDLANGVGSSAISLTDGVIYTLSSEGVPGYTVQFSPQPLTATENATVNITLS,148,-0.141,81.69,32.98,4.61
LCL full,40450,56423,pET-46,AMP,Bl21,,MAHHHHHHVDDDDKMKSNPASQAYVDGKVSELKNELTNKINSIPSGPQGPRGDKGEAGPKGDRGEAGPQGLPGPKGDRGEAGPQGLPGPKGDRGEAGPQGLPGPKGDRGEAGPQGLPGPKGDRGEAGPQGLPGPQGLPGPKGDKGEAGPQGLPGPKGDKGEAGPQGLPGPKGDKGEAGAVGPQGMPGPKGDKEAGPQGLPGPKGDRGEAGPQGLPGPKGDRGEAGPQGLPGPKGDRGEAGPQGLPGPKGDRGEAGPQGLPGPKGDRGEAGPQGLPGPKGDRGEAGPQGLPGPKGDRGEAGPQGLPGPKGDRGEAGPQGLPGPKGDRGEAGPQGLPGPKGDRGEAGPQGLPGPKGDRGEAGPQGLPGPKGDRGEAGPQGLPGPKGDKGETGAVGPQGMPGPKGEAGDDGQGVPAGGETGQVLAKSNDLDFNTMWVDPANSGIRRQLGDKALGGTVIYVNALGTHGLVVANSDQVNSNTWWDAQDSITNPAHFDNEGKLYSDWRLPTRFELNLIYMMRNELGNFLAGNYWSSIEKSSANSWVFNSKTGEIKDIAKSKTAAVRAVRAF,565,-1.042,46.19,15.89,6.02
Lcl-C,38960,18549,pET-46,AMP,Bl21,GAAACGGGACAAGTCCTTGCCAAATCAAATGACCTCGATTTCAATACCATGTGGGTTGACCCGGCAAATTCCGGCATTAGGCGGCAATTAGGCGATAAAGCTCTTGGCGGTACAGTGATTTATGTTAATGCGCTAGGTACCCATGGGCTTGTAGTAGCAAATTCAGATCAAGTTAATTCAAACACATGGTGGGATGCTCAAGATTCCATAACAAATCCTGCCCACTTTGACAATGAAGGTAAATTATATTCTGACTGGAGGCTCCCTACCCGTTTTGAATTGAATTTAATTTATATGATGCGAAATGAGCTGGGAAATTTTTTGGCAGGTAATTACTGGAGTTCGATTGAAAAATCATCGGCAAACAGCTGGGTATTTAATTCTAAAACAGGGGAAATTAAAGACATTGCCAAAAGTAAAACGGCTGCTGTACGTGCTGTAAGAGCCTTTTAA,MAHHHHHHVDDDDKMETGQVLAKSNDLDFNTMWVDPANSGIRRQLGDKALGGTVIYVNALGTHGLVVANSDQVNSNTWWDAQDSITNPAHFDNEGKLYSDWRLPTRFELNLIYMMRNELGNFLAGNYWSSIEKSSANSWVFNSKTGEIKDIAKSKTAAVRAVRAF,165,-0.537,73.33,15.87,6.03
LspC Peptide,2560,3279,-,-,-,,GMREENLNYIFNTSLFGVYVPADLNEDD,28,-0.443,80.00,30.47,3.70
LspC_HR,1490,11513,pRSF,KAN,Bl21,GAGGATAATGTAAAACAATCAATGCTGAATGTTACTTTGGTCGGTATTCTTTTTGCGGACAAGATAGAAGAGTCTCAAGTGATTATACGATCTGCCAGTGGGGAAGAAAAAACCTATAATGTAGGAGATAAGATACCTGGTGGTGCAACAATTAAACGTATTATGCCAGGAGGAGTGCTTGTGGAAAGAGATGGCACTTTAGAAAGTTTAAGTCTTCCGAAAAATGATTTAACCTTTGAACCTGTCGCTAAGCCTTTAAAAGAGGAA,MAHHHHHHVDDDDKMEDNVKQSMLNVTLVGILFADKIEESQVIIRSASGEEKTYNVGDKIPGGATIKRIMPGGVLVERDGTLESLSLPKNDLTFEPVAKPLKEE,104,-0.485,89.90,47.90,5.24
LspC_TMHRHR,5960,15974,pRSF,KAN,Bl21,ACTTATGTTAGGGCTATCCCTGTTTCAAATACAAAATCTATTGCTGGAATGAGAGAAGAGAATCTCAATTATATTTTCAATACGTCCTTATTTGGAGTTTATGTTCCTGCAGACTTAAATGAGGATAATGTAAAACAATCAATGCTGAATGTTACTTTGGTCGGTATTCTTTTTGCGGACAAGATAGAAGAGTCTCAAGTGATTATACGATCTGCCAGTGGGGAAGAAAAAACCTATAATGTAGGAGATAAGATACCTGGTGGTGCAACAATTAAACGTATTATGCCAGGAGGAGTGCTTGTGGAAAGAGATGGCACTTTAGAAAGTTTAAGTCTTCCGAAAAATGATTTAACCTTTGAACCTGTCGCTAAGCCTTTAAAAGAGGAA,MAHHHHHHVDDDDKMTYVRAIPVSNTKSIAGMREENLNYIFNTSLFGVYVPADLNEDNVKQSMLNVTLVGILFADKIEESQVIIRSASGEEKTYNVGDKIPGGATIKRIMPGGVLVERDGTLESLSLPKNDLTFEPVAKPLKEE,144,-0.341,91.32,40.43,5.30
LspC_TMHRHR_TRUNC,4470,12506,pET-46,AMP,Bl21,,MAHHHHHHVDDDDKMAGMREENLNYIFNTSLFGVYVPADLNEDNVKQSMLNVTLVGILFADKIEESQVIIRSASGEEKTYNVGDKIPGGATIKRIMPGGVLVERDGTLESLSL,113,-0.285,93.10,41.75,5.05
LspD N0STAG,13980,15094,pET-46,AMP,Bl21,,,,,,,
LspD_N0,8480,11276,pET-46,AMP,Bl21,,MAHHHHHHVDDDDKMGSKLWNLRNADIRAVIAEVSRITGKNFVIDPRVQGKVSIVSSTPLSSRELYQVFLSVLQVSGYAAIPNGEIIKIIPNIDAKTQSPDLLSGMKSPPR,111,-0.485,99.19,32.85,9.01
LspM-PER,13980,14060,pET-28b,KAN,Bl21,ATGAAAACCTATTTAAACACGCTGAATGATCGAGAAAAGTGGATGGTTATAGTAGCTGGTGTATCACTTTTTATTTATGGCTACTATTTATTACTTTACACCCCTCTGAGCAACCAGGTAAATCAAAAATCCACTCAATTAATTGAGAAAACTGAAACATTGGAATGGATGAAGCAAGTAAGAATGCAAAAACGCTCTGCCAAAAGAAAGGAATCTGTAGATAACAGCCAATTGTTAACTATTCTTGCTTCCCAACTTAAAAATAATAAAACACTCAAATTCCCCTATCAATTACAACAAACAGGCTCGGGGGATGTTCAATTAACCTTTGACGCAGTCCCTTTTCAAAACTTTATACAATGGCTTGCAAAAATCAACGAAGTCTATTCTATCAATATAAAACAATTTGATGTGGAGAAAACCTCAACACCGGGAGTAACCCGACTGATGATCATACTCTCTGCAAGTTAG,MEPLSNQVNQKSTQLIEKTETLEWMKQVRMQKRSAKRKESVDNSQLLTILASQLKNNKTLKFPYQLQQTGSGDVQLTFDAVPFQNFIQWLAKINEVYSINIKQFDVEKTSTPGVTRLMIILSASMKDDDDLEHHHHHH,138,-0.677,82.61,40.48,8.00
LspL-PER,24980,18493,pET-28b,KAN,Bl21,ATGAAAACCTATTTAAACACGCTGAATGATCGAGAAAAGTGGATGGTTATAGTAGCTGGTGTATCACTTTTTATTTATGGCTACTATTTATTACTTTACACCCCTCTGAGCAACCAGGTAAATCAAAAATCCACTCAATTAATTGAGAAAACTGAAACATTGGAATGGATGAAGCAAGTAAGAATGCAAAAACGCTCTGCCAAAAGAAAGGAATCTGTAGATAACAGCCAATTGTTAACTATTCTTGCTTCCCAACTTAAAAATAATAAAACACTCAAATTCCCCTATCAATTACAACAAACAGGCTCGGGGGATGTTCAATTAACCTTTGACGCAGTCCCTTTTCAAAACTTTATACAATGGCTTGCAAAAATCAACGAAGTCTATTCTATCAATATAAAACAATTTGATGTGGAGAAAACCTCAACACCGGGAGTAACCCGACTGATGATCATACTCTCTGCAAGTTAG,MEVGGLCGFWLISILFVNWLSLHWLNRQIDEIDRQTAVIYREFFPDAKQVISPKFRISQLLGGSTAENQTRFWFILNQLSKAIKDSGITVEQLRYQNKTISITLVSSDFESLQKIENKLKQSQLKVKQTQASTKDQQVVATLELTMKDDDDLEHHHHHH,159,-0.385,96.23,37.47,6.65
NttA-K59C,14105,13315,pET-28b,KAN,Bl21,,MVHHHHHHVDDDDKMEDTANPNEMTKDAWLNSMTPLLPDLICKGFIQDPDLKKRFDEICMTYEQCVTLIPESTKKCQDELYASMPDKINSETAGTWGRSLGECIGKDFAEKHLIPK,116,-0.795,63.97,30.28,5.24
NttA-A82C,14230,13372,pET-28b,KAN,Bl23,,MVHHHHHHVDDDDKMEDTANPNEMTKDAWLNSMTPLLPDLICKGFIQDPDLKKRFDEIKMTYEQCVTLIPESTKKCQDELYCSMPDKINSETAGTWGRSLGECIGKDFAEKHLIPK,116,-0.795,63.97,30.28,5.24
LspL-CTD,6990,11466,pET-28b,KAN,Bl21,,MGSSHHHHHHSSGLVPRGSHMAENQTRFWFILNQLSKAIKDSGITVEQLRYQNKTISITLVSSDFESLQKIENKLKQSQLKVKQTQASTKDQQVVATLELT,101,-0.627,82.97,41.17,9.63
LspM-CTD,8480,11428,pET-28b,KAN,Bl21,,MGSSHHHHHHSSGLVPRGSHMSQLLTILASQLKNNKTLKFPYQLQQTGSGDVQLTFDAVPFQNFIQWLAKINEVYSINIKQFDVEKTSTPGVTRLMIILSAS,102,-0.223,89.80,42.45,9.52
LapA_dN,7575,12992,,,,,,,,,,
LapB,49070,43984,,,,,,,,,,
LspC_TMHRHR-GST,49070,42140,PopinJ,KAN,Bl21,,MAHHHHHHMSPILGYWKIKGLVQPTRLLLEYLEEKYEEHLYERDEGDKWRNKKFELGLEFPNLPYYIDGDVKLTQSMAIIRYIADKHNMLGGCPKERAEISMLEGAVLDIRYGVSRIAYSKDFETLKVDFLSKLPEMLKMFEDRLCHKTYLNGDHVTHPDFMLYDALDVVLYMDPMCLDAFPKLVCFKKRIEAIPQIDKYLKSSKYIAWPLQGWQATFGGGDHPPKSDLSSGLEVLFQGPTYVRAIRLSNTKSIAGMREENLNYIFNTSLFGVYVPADLNEDNVKQSMLNVTLVGILFADKIEESQVIIRSASGEEKTYNVGDKIPGGATIKRIMPGGVLVERDGTLESLSLPKNDLTFEPVAKPLKEE,369,-0.314,91.14,37.65,5.88
LspC_HR-GST,44600,37605,PopinJ,KAN,Bl21,,MAHHHHHHMSPILGYWKIKGLVQPTRLLLEYLEEKYEEHLYERDEGDKWRNKKFELGLEFPNLPYYIDGDVKLTQSMAIIRYIADKHNMLGGCPKERAEISMLEGAVLDIRYGVSRIAYSKDFETLKVDFLSKLPEMLKMFEDRLCHKTYLNGDHVTHPDFMLYDALDVVLYMDPMCLDAFPKLVCFKKRIEAIPQIDKYLKSSKYIAWPLQGWQATFGGGDHPPKSDLSSGLEVLFQGPEDNVKQSMLNVTLVGILFADKIEESQVIIRSASGEEKTYNVGDKIPGGATIKRIMPGGVLVERDGTLESLSLPKNDLTFEPVAKPLKEE,329,-0.346,90.36,40.61,5.77
LspD_N0-GST,51590,38368,PopinJ,KAN,Bl21,,MAHHHHHHMSPILGYWKIKGLVQPTRLLLEYLEEKYEEHLYERDEGDKWRNKKFELGLEFPNLPYYIDGDVKLTQSMAIIRYIADKHNMLGGCPKERAEISMLEGAVLDIRYGVSRIAYSKDFETLKVDFLSKLPEMLKMFEDRLCHKTYLNGDHVTHPDFMLYDALDVVLYMDPMCLDAFPKLVCFKKRIEAIPQIDKYLKSSKYIAWPLQGWQATFGGGDHPPKSDLSSGLEVLFQGPGSKLWNLRNADIRAVIAEVSRITGKNFVIDPRVQGKVSIVSSTPLSSRELYQVFLSVLQVSGYAAIPNGEIIKIIPNIDAKTQSPDLLSGMKSPPR,336,-0.267,93.42,35.28,7.20
ChiA 1,,,,,,,,,,,,
ChiA 2,,,,,,,,,,,,
ChiA 3,,,,,,,,,,,,
ChiA 4,,,,,,,,,,,,
ChiA 5 ,,,,,,,,,,,,
ChiA 6,,,,,,,,,,,,
ChiA 7,,,,,,,,,,,,
ChiA 8,,,,,,,,,,,,
LCL K155A,,,,,,,,,,,,
LCL H90A,,,,,,,,,,,,
LCL K144A,,,,,,,,,,,,
LCL R106A,,,,,,,,,,,,
LCL K149A,,,,,,,,,,,,
LCL K133A,,,,,,,,,,,,
LCL R116,,,,,,,,,,,,
Rab1bI-177wt,,,,,,,,,,,,
Rab1bI-177q70l,,,,,,,,,,,,
Rab1bI-177s25n,,,,,,,,,,,,
EcpB,,,,,,,,,,,,
RNase,,,,,,,,,,,,
HtrA- PDZ,,,,,,,,,,,,
Rab1bI-177wt,,,,,,,,,,,,
Rab1bI-177q70l,,,,,,,,,,,,
Rab1bI-177s25n,,,,,,,,,,,,
EcpB,,,,,,,,,,,,
RNase,,,,,,,,,,,,
HtrA- PDZ,,,,,,,,,,,,
ChiA-E543M,,,,,,,,,,,,
ChiA- D541L/E543M,,,,,,,,,,,,
LCL-C E132A,,,,,,,,,,,,
LCL-C D150A,,,,,,,,,,,,
LCL-C E132A,,,,,,,,,,,,
LCL-C D150A,,,,,,,,,,,,
PlaC,,,,,,,,,,,,
pTIFA,,,,,,,,,,,,
cd93lec,4470,10027,,,,,,,,,,
